wyscout_team,wyscout_competition
Unión Santa Fe,Argentina. Liga Profesional de Fútbol
Bregenz,Austria. 2. Liga
WSPG Wels,Austria. 2. Liga
WSG Swarovski Tirol,Austria. Bundesliga
Araz Saatlı,Azerbaijan. Birinci Dasta
Asta Mingachevir,Azerbaijan. Birinci Dasta
Cabrayil,Azerbaijan. Birinci Dasta
Energetik,Azerbaijan. Birinci Dasta
Ganjabasar,Azerbaijan. Birinci Dasta
Qabala,Azerbaijan. Birinci Dasta
Qarabag Khankendi,Azerbaijan. Birinci Dasta
Qaradag Lokbatan,Azerbaijan. Birinci Dasta
Sabail,Azerbaijan. Birinci Dasta
Shafa Baku,Azerbaijan. Birinci Dasta
Shamakhi FK,Azerbaijan. Birinci Dasta
İrəvan,Azerbaijan. Birinci Dasta
Qabala,Azerbaijan. Premyer Liqa
Sabail,Azerbaijan. Premyer Liqa
Shafa Baku,Azerbaijan. Premyer Liqa
Shamakhi FK,Azerbaijan. Premyer Liqa
Turan-T,Azerbaijan. Premyer Liqa
Beerschot VA,Belgium. Challenger Pro League
Deinze,Belgium. Challenger Pro League
KSC Lokeren-Temse,Belgium. Challenger Pro League
Lierse Kempenzonen,Belgium. Challenger Pro League
Lokeren-Temse,Belgium. Challenger Pro League
Oostende,Belgium. Challenger Pro League
RWD Molenbeek,Belgium. Challenger Pro League
Beerschot VA,Belgium. Pro League
Oostende,Belgium. Pro League
RWD Molenbeek,Belgium. Pro League
Atlético Palmaflor,Bolivia. LFPB
Gran Mamoré,Bolivia. LFPB
Royal Pari,Bolivia. LFPB
Vaca Díez,Bolivia. LFPB
Zvijezda '09 Brgule,Bosnia and Herzegovina. Premijer Liga
Ypiranga Erechim,Brazil. Serie C
Etar,Bulgaria. First League
OFK Pirin,Bulgaria. First League
Edmonton,Canada. Canadian Premier League
York United FC,Canada. Canadian Premier League
Barnechea,Chile. Primera B
Fernández Vial,Chile. Primera B
Beijing BSU,China PR. China League One
Dalian Young Boy,China PR. China League One
Dandong Tengyue,China PR. China League One
Guangxi Pingguo Haliao,China PR. China League One
Guangzhou FC,China PR. China League One
Heilongjiang Ice City,China PR. China League One
Jinan Xingzhou,China PR. China League One
Kunshan,China PR. China League One
Liaoning Shenyang,China PR. China League One
Shaanxi Chang'an Athletic,China PR. China League One
Shanghai Jiading Huilong,China PR. China League One
Xinjiang Tianshan,China PR. China League One
Zibo Cuju,China PR. China League One
Cortuluá,Colombia. Liga BetPlay
La Equidad,Colombia. Liga BetPlay
Guanacasteca,Costa Rica. Primera División
Santos de Guápiles,Costa Rica. Primera División
Slaven Belupo,Croatia. Superleague
Omonia 29th May,Cyprus. 1. Division
Trinity Zlín,Czech Republic. Chance Liga
Leones del Norte,Ecuador. Liga Pro
América de Quito,Ecuador. Liga Pro Serie B
Cuniburo Futbol Club,Ecuador. Liga Pro Serie B
Leones del Norte,Ecuador. Liga Pro Serie B
Ceramica,Egypt. Premier League
El Daklyeh,Egypt. Premier League
Modern Future,Egypt. Premier League
Modern Sport,Egypt. Premier League
Olympic El Qanah,Egypt. Premier League
Alliance,Estonia. Esiliiga A
Harju JK,Estonia. Esiliiga A
Nõmme United U21,Estonia. Esiliiga A
Paide II,Estonia. Esiliiga A
Ajaccio,France. Ligue 1
PSG,France. Ligue 1
Ajaccio,France. Ligue 2
Martigues,France. Ligue 2
Niort,France. Ligue 2
Quevilly Rouen,France. Ligue 2
Aubagne,France. Ligue 3
Bourg-en-Bresse,France. Ligue 3
La Roche-sur-Yon Vendée Football,France. Ligue 3
Le Puy-en-Velay,France. Ligue 3
Quevilly Rouen,France. Ligue 3
Aubagne,France. National 1
Bastia-Borgo,France. National 1
Bourg en Bresse 01,France. National 1
Bourg-en-Bresse,France. National 1
Cholet,France. National 1
Le Puy F.43 Auvergne,France. National 1
Marignane Gignac CB,France. National 1
Martigues,France. National 1
Niort,France. National 1
Quevilly Rouen,France. National 1
Sedan,France. National 1
Saburtalo,Georgia. Erovnuli Liga
Shukura,Georgia. Erovnuli Liga
AO Egaleo,Greece. Super League 2
Diagoras Rodou,Greece. Super League 2
PAOK B,Greece. Super League 2
Panargiakos Argos,Greece. Super League 2
Xinabajul,Guatemala. Liga Nacional
Zacapa Tellioz,Guatemala. Liga Nacional
Atlético Choloma,Honduras. Liga Nacional
Génesis,Honduras. Liga Nacional
Honduras Progreso,Honduras. Liga Nacional
Vida,Honduras. Liga Nacional
Brescia,Italy. Serie B
FeralpiSalò,Italy. Serie B
SPAL,Italy. Serie B
Atalanta U23,Italy. Serie C
Brescia,Italy. Serie C
Calcio Caldiero Terme,Italy. Serie C
Desenzano Calvina,Italy. Serie C
FeralpiSalò,Italy. Serie C
Monterosi,Italy. Serie C
SPAL,Italy. Serie C
ThespaKusatsu Gunma,Japan. J2 League
Al Jalil,Jordan. Pro League
Sahab,Jordan. Pro League
Akzhayik,Kazakhstan. Premier League
Caspiy,Kazakhstan. Premier League
FK Aksu,Kazakhstan. Premier League
Irtysh,Kazakhstan. Premier League
Maqtaaral,Kazakhstan. Premier League
Zhenys,Kazakhstan. Premier League
Daejeon Citizen,Korea Republic. K League 1
Jeju United,Korea Republic. K League 1
Ulsan Hyundai,Korea Republic. K League 1
CSF Bălți,Moldova. Super Liga
Dinamo-Auto,Moldova. Super Liga
Politehnica Timişoara,Moldova. Super Liga
Sfîntul Gheorghe,Moldova. Super Liga
Khemis Zemamra,Morocco. Botola Pro
Youssoufia Berrechid,Morocco. Botola Pro
VV Staphorst,Netherlands. Derde Divisie
Deportivo Ocotal,Nicaragua. Primera Division
Juventus Managua,Nicaragua. Primera Division
Orgánica Masachapa,Nicaragua. Primera Division
Beyond Limits,Nigeria. Creative Championship
Broad City,Nigeria. Creative Championship
Dannaz,Nigeria. Creative Championship
Dino Sporting,Nigeria. Creative Championship
Escola United,Nigeria. Creative Championship
Gbagada,Nigeria. Creative Championship
Iganmu,Nigeria. Creative Championship
Imperial,Nigeria. Creative Championship
Real Sapphire,Nigeria. Creative Championship
VOE FA,Nigeria. Creative Championship
Valiant,Nigeria. Creative Championship
Atlético Chiriquí,Panama. LPF
Potros del Este,Panama. LPF
Veraguas,Panama. LPF
12 de Octubre,Paraguay. Division Profesional
Deportivo Recoleta,Paraguay. Division Profesional
Deportivo Municipal,Peru. Primera División
Katowice,Poland. Ekstraklasa
Łódzki KS,Poland. Ekstraklasa
Katowice,Poland. I Liga
Pogoń Grod. Mazowiecki,Poland. I Liga
Tychy 71,Poland. I Liga
Łódzki KS,Poland. I Liga
Canelas 2010,Portugal. Liga 3
Fontinhas,Portugal. Liga 3
Pêro Pinheiro,Portugal. Liga 3
Estrela Amadora,Portugal. Primeira Liga
Estrela Amadora,Portugal. Segunda Liga
Vilafranquense,Portugal. Segunda Liga
ACS Muscelul Campulung Elite,Romania. Liga II
AS FC Buzău,Romania. Liga II
ASU Poli,Romania. Liga II
Brașov Steagul Renaște,Romania. Liga II
CSM Satu Mare,Romania. Liga II
CSMS Iaşi,Romania. Liga II
Cetatea Suceava,Romania. Liga II
Focşani,Romania. Liga II
Gloria Popești-Leordeni,Romania. Liga II
Mioveni,Romania. Liga II
Poli Iaşi,Romania. Liga II
Ripensia Timişoara,Romania. Liga II
U Craiova 1948,Romania. Liga II
Unirea Constanța,Romania. Liga II
Unirea Ungheni,Romania. Liga II
Viitorul P. Targu Jiu,Romania. Liga II
Şcolar Reşiţa,Romania. Liga II
AS FC Buzău,Romania. Superliga
FCS Bucureşti,Romania. Superliga
Mioveni,Romania. Superliga
Poli Iaşi,Romania. Superliga
U Craiova 1948,Romania. Superliga
Khimki,Russia. Premier League
Al Akhdoud,Saudi Arabia. Division 1
Al Draih,Saudi Arabia. Division 1
Al Qaisoma,Saudi Arabia. Division 1
Al Ta'ee,Saudi Arabia. Division 1
Dhamk,Saudi Arabia. Division 1
Al Akhdoud,Saudi Arabia. Pro League
Al Draih,Saudi Arabia. Pro League
Al Feiha,Saudi Arabia. Pro League
Al Ta'ee,Saudi Arabia. Pro League
Dhamk,Saudi Arabia. Pro League
Bačka Topola,Serbia. Prva Liga
Javor Ivanjica,Serbia. Prva Liga
Mladost Novi Sad,Serbia. Prva Liga
Naftagas,Serbia. Prva Liga
Priboj,Serbia. Prva Liga
RFK Novi Sad,Serbia. Prva Liga
Rad Beograd,Serbia. Prva Liga
Radnički Sr. Mitrovica,Serbia. Prva Liga
Čajetina,Serbia. Prva Liga
Bačka Topola,Serbia. Super Liga
Javor Ivanjica,Serbia. Super Liga
Mladost Novi Sad,Serbia. Super Liga
Lokomotíva Zvolen,Slovakia. 2. liga
Petržalka Akadémia,Slovakia. 2. liga
Slavoj Trebišov,Slovakia. 2. liga
DAC,Slovakia. Niké Liga
AŠK Bravo,Slovenia. 1. SNL
NŠ Drava,Slovenia. 2. SNL
Cape Town,South Africa. PSL
Royal AM,South Africa. PSL
Siwelele Football Club,South Africa. PSL
SuperSport United,South Africa. PSL
Celta Fortuna,Spain. Segunda División
Dalkurd,Sweden. Superettan
United Nordic,Sweden. Superettan
Rejiche,Tunisia. Ligue 1
Bodrumspor,Türkiye. 1. Lig
Manisa F.K.,Türkiye. 1. Lig
Tuzlaspor,Türkiye. 1. Lig
Bodrumspor,Türkiye. Süper Lig
Druzhba Myrivka,Ukraine. Druha Liga
FC Metalist 1925 II,Ukraine. Druha Liga
FK Revera 1908 Ivano-Frankivsk,Ukraine. Druha Liga
Karpaty II,Ukraine. Druha Liga
Khust City,Ukraine. Druha Liga
Kremin II,Ukraine. Druha Liga
Nyva Buzova,Ukraine. Druha Liga
Penuel Kryvyi Rih,Ukraine. Druha Liga
Rebel Kyiv,Ukraine. Druha Liga
Rubikon Kiev,Ukraine. Druha Liga
Rukh Lviv II,Ukraine. Druha Liga
VAST,Ukraine. Druha Liga
Vorskla II,Ukraine. Druha Liga
Zvyahel,Ukraine. Druha Liga
Feniks Mariupol,Ukraine. Persha Liga
Khust City,Ukraine. Persha Liga
Kremin,Ukraine. Persha Liga
Minaj,Ukraine. Persha Liga
Nyva Buzova,Ukraine. Persha Liga
Skoruk Tomakivka,Ukraine. Persha Liga
Dnipro-1,Ukraine. VBET League
Epitsentr Dunayivtsi,Ukraine. VBET League
Lviv,Ukraine. VBET League
Minaj,Ukraine. VBET League
Veres,Ukraine. VBET League
Torque,Uruguay. Primera División
Surkhon,Uzbekistan. Super League
Inter de Barinas,Venezuela. Primera División
Cambrian & Clydach,Wales. Premier League
Pontypridd Town AFC,Wales. Premier League
